{"cameraMode":{"drawMode":0,"name":"Shaded","section":"Shading Mode"},"sceneLighting":false,"audioPlay":false,"sceneViewState":{"showFog":true,"showMaterialUpdate":false,"showSkybox":false,"showFlares":true,"showImageEffects":true,"showParticleSystems":true},"in2DMode":false,"pivot":{"x":13.166542053222657,"y":4.032285213470459,"z":-16.755714416503908},"rotation":{"x":-0.10911469161510468,"y":0.37278205156326296,"z":-0.04420998692512512,"w":-0.9204650521278381},"size":4.466434001922607,"orthographic":true}