{"cameraMode":{"drawMode":0,"name":"Shaded","section":"Shading Mode"},"sceneLighting":false,"audioPlay":false,"sceneViewState":{"showFog":true,"showMaterialUpdate":false,"showSkybox":false,"showFlares":true,"showImageEffects":true,"showParticleSystems":true},"in2DMode":false,"pivot":{"x":674.7808837890625,"y":441.38677978515627,"z":-17.55340576171875},"rotation":{"x":0.0029876618646085264,"y":-0.09137217700481415,"z":0.0002738199837040156,"w":0.9958141446113586},"size":666.4248657226563,"orthographic":true}